prevs_census,cur_census
0.003142486,0.002669202
