state,avg_literacy
Kerala,93.69499915
Lakshadweep,91.84999847
Mizoram,89.36125088
Rajasthan,64.6006064
Arunachal Pradesh,63.86187434
Bihar,61.75631553
